Knowledge_Score,Attitude_Mean,Workflow_Mean,SysReady_Mean
1,-0.021054006022479994,-0.12270917791014128,0.11483266513600277
-0.021054006022479994,1,0.028547726535056668,0.02369006354310117
-0.12270917791014128,0.028547726535056668,1,0.06458578664270531
0.11483266513600277,0.02369006354310117,0.06458578664270531,1
