Knowledge_Score,Attitude_Mean,Workflow_Mean,SysReady_Mean
1,-0.025399920367963225,-0.09308113045265953,0.134844657919363
-0.025399920367963225,1,0.013385628274292865,0.02273532246634841
-0.09308113045265953,0.013385628274292865,1,0.07094234492720976
0.134844657919363,0.02273532246634841,0.07094234492720976,1
