"Metric","Value"
"Mean ARI",0.947155416915226
"Median ARI",0.964613935833036
"Min ARI",0.71499096890408
"Max ARI",0.982495645440408
"SD ARI",0.0465848536087303
