"Model","N","R2","F_stat","P_value"
"ATN",3524,0.0242187806503157,5.11873691719281,3.05357633209141e-11
"Clusters",3493,0.0183875429569364,9.32584905073358,1.70915405780505e-11
