"Model","R2"
"ATN-only",0.0164852851813243
"Cluster-only",0.00650823709766241
"ATN + Cluster",0.0153643944520274
