"Complete_Biomarkers","N","Mean_Age","Pct_Female","Mean_Cog"
FALSE,38,67.4210526315789,0,14.7894736842105
TRUE,4427,68.2778405240569,0,15.1292071380167
