"Cluster","N","Mean_Age","SD_Age","Pct_Female","Mean_Education","NfL_Median","NfL_IQR","GFAP_Median","GFAP_IQR","AB_Median","AB_IQR","pTau_Median","pTau_IQR","Cog_Mean","Cog_SD","Pct_A_pos","Pct_T_pos","Pct_N_pos","Pct_Dementia","Pct_CIND","Pct_Normal"
"1",51,73.4509803921569,11.2219672526526,0,12.6666666666667,63.4,111.086565144758,152.592850532431,90,0.0631085858982551,0.0170622095523598,12.7805446138309,8.8427141582431,13.156862745098,3.98182143758159,72.5490196078431,94.1176470588235,0,5.88235294117647,29.4117647058824,64.7058823529412
"2",883,78.6126840317101,7.83688137470703,0,12.5447338618347,40.1325754264765,27.016647155,192.4,82.071849038323,0.0631404117712434,0.0197207789393046,2.85539375148266,2.15135429427825,12.7870894677237,4.5182889648617,60.5889014722537,67.9501698754247,0,9.06002265005663,28.7655719139298,62.1744054360136
"3",3479,65.5774647887324,8.93096765306423,0,13.4110376544984,14.3,10.9095676336604,69.6,50.6548288357876,0.0649947390947784,0.0155227604669578,1.34759545257822,0.968324005590503,15.7510778959471,4.20268655888312,56.2805403851682,17.8787007760851,0,2.24202356999138,13.4233975280253,84.3345789019833
"4",14,68.6428571428571,12.0678029538051,0,13.9285714285714,16.7,16.525,81.25,49.7303930876362,0.350649350649351,0.0790717115252932,1.33798455498398,1.70352754217009,15.5,4.20164802831534,0,35.7142857142857,0,7.14285714285714,7.14285714285714,85.7142857142857
