"Cluster_k3","N","NfL_median","GFAP_median","AB42_40_median","pTau181_median","Cog_mean","Pct_Dementia"
1,3655,14.8,71.6,0.065015479876161,1.37455584133699,15.6268125854993,2.43502051983584
2,758,43.3684979691538,205.081677507384,0.0629056106360748,3.22176928985759,12.7229551451187,9.49868073878628
3,14,16.7,81.25,0.350649350649351,1.33798455498398,15.5,7.14285714285714
