"K","Mean_Silhouette","Total_WSS"
3,0.528045756190929,11067.6144128263
4,0.470673708697433,9274.51061032276
5,0.478641831499118,7665.87150445104
