"Model","R2"
"ATN-only",0.0112395522621448
"Cluster-only",0.00548912768710253
"ATN + Cluster",0.0105579157981466
